{"cameraMode":{"drawMode":0,"name":"Shaded","section":"Shading Mode"},"sceneLighting":true,"audioPlay":false,"sceneViewState":{"showFog":true,"showMaterialUpdate":false,"showSkybox":true,"showFlares":true,"showImageEffects":true,"showParticleSystems":true},"in2DMode":false,"pivot":{"x":-0.49224281311035159,"y":1.6276673078536988,"z":-0.6339778304100037},"rotation":{"x":0.04384903982281685,"y":-0.6993900537490845,"z":0.04306679964065552,"w":0.7120934128761292},"size":12.194540023803711,"orthographic":false}